Year, Week, Age Group,A (H1),A (Unable to Subtype),A (H3),A (H1N1)pdm09,A (Subtyping not Performed),B (Victoria Lineage),B (Yamagata Lineage),B (Lineage Unspecified),H3N2v
2019,40,0-4 yr,0,0,4,3,4,6,0,1,0
2019,41,0-4 yr,0,0,2,5,3,15,0,0,0
2019,42,0-4 yr,0,0,14,3,0,15,0,4,0
2019,43,0-4 yr,0,0,4,4,0,12,0,3,0
2019,44,0-4 yr,0,0,7,6,0,12,1,0,0
2019,45,0-4 yr,0,0,5,4,0,21,1,3,0
2019,46,0-4 yr,0,0,13,18,2,38,0,5,0
2019,47,0-4 yr,0,0,6,38,0,39,0,20,0
2019,48,0-4 yr,0,0,12,51,0,76,1,25,0
2019,49,0-4 yr,0,0,13,67,0,107,0,23,0
2019,50,0-4 yr,0,0,9,73,1,80,0,39,0
2019,51,0-4 yr,0,0,6,88,0,116,1,38,0
2019,52,0-4 yr,0,0,9,122,0,177,4,42,0
2020,1,0-4 yr,0,0,6,105,5,159,3,32,0
2020,2,0-4 yr,0,0,3,72,3,86,1,19,0
2020,3,0-4 yr,0,0,1,37,3,35,0,8,0
2019,40,5-24 yr,0,0,10,7,17,39,1,1,0
2019,41,5-24 yr,0,0,12,6,13,40,0,3,0
2019,42,5-24 yr,0,0,15,11,1,36,1,6,0
2019,43,5-24 yr,0,0,13,13,1,55,1,9,0
2019,44,5-24 yr,0,0,12,13,0,70,2,21,0
2019,45,5-24 yr,0,0,23,20,0,119,3,51,0
2019,46,5-24 yr,0,0,4,29,0,170,1,48,0
2019,47,5-24 yr,0,0,20,42,2,227,2,95,0
2019,48,5-24 yr,0,0,21,81,3,243,3,55,0
2019,49,5-24 yr,0,0,16,97,0,257,4,93,0
2019,50,5-24 yr,0,0,16,155,2,409,7,170,0
2019,51,5-24 yr,0,0,12,219,2,501,5,191,0
2019,52,5-24 yr,0,0,11,185,2,573,7,115,0
2020,1,5-24 yr,0,0,9,117,2,260,2,77,0
2020,2,5-24 yr,0,0,9,132,6,246,2,57,0
2020,3,5-24 yr,0,0,3,60,7,150,1,37,0
2019,40,25-64 yr,0,0,15,10,0,11,0,2,0
2019,41,25-64 yr,0,0,12,11,4,11,2,1,0
2019,42,25-64 yr,0,0,20,16,1,16,2,2,0
2019,43,25-64 yr,0,0,23,25,1,22,2,3,0
2019,44,25-64 yr,0,0,16,22,1,20,0,7,0
2019,45,25-64 yr,0,0,11,52,4,38,1,10,0
2019,46,25-64 yr,0,0,11,54,1,55,2,16,0
2019,47,25-64 yr,0,0,23,92,2,80,2,38,0
2019,48,25-64 yr,0,0,19,132,5,107,3,40,0
2019,49,25-64 yr,0,0,22,186,2,149,2,70,0
2019,50,25-64 yr,0,0,23,228,2,166,4,62,0
2019,51,25-64 yr,0,0,12,325,7,217,3,71,0
2019,52,25-64 yr,0,0,19,435,14,290,4,71,0
2020,1,25-64 yr,0,0,34,425,22,329,5,94,0
2020,2,25-64 yr,0,0,18,313,9,244,6,51,0
2020,3,25-64 yr,0,0,2,105,5,85,1,13,0
2019,40,65+ yr,0,0,20,1,0,0,0,0,0
2019,41,65+ yr,0,0,27,8,2,3,0,0,0
2019,42,65+ yr,0,0,26,3,0,2,0,0,0
2019,43,65+ yr,0,0,22,3,1,3,1,0,0
2019,44,65+ yr,0,0,17,4,0,4,2,0,0
2019,45,65+ yr,0,0,15,9,2,7,3,0,0
2019,46,65+ yr,0,0,20,20,1,9,2,3,0
2019,47,65+ yr,0,0,20,25,2,10,2,6,0
2019,48,65+ yr,0,0,22,48,1,12,1,2,0
2019,49,65+ yr,0,0,24,59,0,21,4,6,0
2019,50,65+ yr,0,0,25,71,2,29,1,10,0
2019,51,65+ yr,0,0,14,88,5,32,3,5,0
2019,52,65+ yr,0,0,31,231,3,61,6,18,0
2020,1,65+ yr,0,0,25,214,5,102,1,28,0
2020,2,65+ yr,0,0,18,123,6,34,1,9,0
2020,3,65+ yr,0,0,9,40,6,14,0,3,0
2018,40,0-4 yr,0,0,1,5,1,3,0,0,0
2018,41,0-4 yr,0,0,1,13,2,0,1,1,0
2018,42,0-4 yr,0,0,2,12,3,1,0,0,0
2018,43,0-4 yr,0,0,4,15,0,0,1,0,0
2018,44,0-4 yr,0,0,2,13,1,1,1,1,0
2018,45,0-4 yr,0,0,7,15,3,3,0,2,0
2018,46,0-4 yr,0,0,6,19,5,0,0,0,0
2018,47,0-4 yr,0,0,10,40,4,0,0,0,0
2018,48,0-4 yr,0,0,7,53,1,0,2,0,0
2018,49,0-4 yr,0,0,14,56,4,1,0,3,0
2018,50,0-4 yr,0,0,29,95,3,1,0,1,0
2018,51,0-4 yr,0,0,44,153,15,5,1,2,0
2018,52,0-4 yr,0,0,49,189,17,3,1,2,0
2019,1,0-4 yr,0,0,43,144,26,2,4,1,0
2019,2,0-4 yr,0,0,28,165,11,0,5,5,0
2019,3,0-4 yr,0,0,44,159,23,2,0,1,0
2019,4,0-4 yr,0,0,57,181,20,3,1,1,0
2019,5,0-4 yr,0,0,70,216,9,0,2,2,0
2019,6,0-4 yr,0,0,100,208,6,1,0,1,0
2019,7,0-4 yr,0,0,103,192,3,4,2,1,0
2019,8,0-4 yr,0,0,116,165,6,5,1,4,0
2019,9,0-4 yr,0,0,147,196,7,7,1,6,0
2019,10,0-4 yr,0,0,180,165,8,7,2,15,0
2019,11,0-4 yr,0,0,161,129,7,8,3,12,0
2019,12,0-4 yr,0,0,129,85,2,7,2,7,0
2019,13,0-4 yr,0,0,98,53,4,7,2,25,0
2019,14,0-4 yr,0,0,81,33,0,7,0,27,0
2019,15,0-4 yr,0,0,72,19,0,8,1,14,0
2019,16,0-4 yr,0,0,43,8,1,6,1,2,0
2019,17,0-4 yr,0,0,28,9,1,6,1,9,0
2019,18,0-4 yr,0,0,18,8,0,8,0,2,0
2019,19,0-4 yr,0,0,6,3,8,2,0,10,0
2019,20,0-4 yr,0,0,9,4,2,3,0,0,0
2019,21,0-4 yr,0,0,13,3,0,2,1,1,0
2019,22,0-4 yr,0,0,8,3,0,3,0,3,0
2019,23,0-4 yr,0,0,4,3,0,5,1,5,0
2019,24,0-4 yr,0,0,5,3,3,4,0,1,0
2019,25,0-4 yr,0,0,4,1,0,3,0,2,0
2019,26,0-4 yr,0,0,7,0,0,1,0,1,0
2019,27,0-4 yr,0,0,9,1,0,3,0,0,0
2019,28,0-4 yr,0,0,7,1,0,2,0,0,0
2019,29,0-4 yr,0,0,6,3,2,1,0,0,0
2019,30,0-4 yr,0,0,4,2,0,1,0,0,0
2019,31,0-4 yr,0,0,5,2,0,1,0,1,0
2019,32,0-4 yr,0,0,6,3,0,3,0,0,0
2019,33,0-4 yr,0,0,11,3,1,12,0,0,0
2019,34,0-4 yr,0,0,5,3,0,7,0,0,0
2019,35,0-4 yr,0,0,1,1,0,8,0,3,0
2019,36,0-4 yr,0,0,2,2,5,3,0,0,0
2019,37,0-4 yr,0,0,5,2,6,7,0,0,0
2019,38,0-4 yr,0,0,6,1,2,10,0,0,0
2019,39,0-4 yr,0,0,3,1,3,6,0,1,0
2018,40,5-24 yr,0,0,2,10,2,3,6,0,0
2018,41,5-24 yr,0,0,2,20,2,2,1,2,0
2018,42,5-24 yr,0,0,4,15,2,0,8,1,0
2018,43,5-24 yr,0,0,6,29,0,0,5,1,0
2018,44,5-24 yr,0,0,7,35,0,0,3,0,0
2018,45,5-24 yr,0,0,10,47,6,1,2,1,0
2018,46,5-24 yr,0,0,14,50,2,0,0,0,0
2018,47,5-24 yr,0,0,12,59,1,1,1,0,0
2018,48,5-24 yr,0,0,19,72,2,2,1,0,0
2018,49,5-24 yr,0,0,35,115,2,2,1,2,0
2018,50,5-24 yr,0,0,73,223,1,4,3,2,0
2018,51,5-24 yr,0,0,98,385,27,9,4,4,0
2018,52,5-24 yr,0,0,61,332,36,7,3,3,0
2019,1,5-24 yr,0,0,60,162,45,2,2,3,0
2019,2,5-24 yr,0,0,67,279,15,0,2,4,0
2019,3,5-24 yr,0,0,150,409,39,14,8,3,0
2019,4,5-24 yr,0,0,239,429,42,6,3,8,0
2019,5,5-24 yr,0,0,380,437,17,13,9,4,0
2019,6,5-24 yr,0,0,541,430,9,8,5,8,0
2019,7,5-24 yr,0,0,595,413,9,18,8,15,0
2019,8,5-24 yr,0,0,609,339,21,14,3,35,0
2019,9,5-24 yr,0,0,673,265,20,19,3,22,0
2019,10,5-24 yr,0,0,616,251,12,21,7,25,0
2019,11,5-24 yr,0,0,585,184,6,36,7,28,0
2019,12,5-24 yr,0,0,389,109,3,27,5,41,0
2019,13,5-24 yr,0,0,323,83,2,41,5,63,0
2019,14,5-24 yr,0,0,254,44,3,43,2,46,0
2019,15,5-24 yr,0,0,207,36,3,28,8,44,0
2019,16,5-24 yr,0,0,125,21,1,29,8,15,0
2019,17,5-24 yr,0,0,79,12,1,18,2,46,0
2019,18,5-24 yr,0,0,41,9,0,20,2,4,0
2019,19,5-24 yr,0,0,36,11,2,24,2,6,0
2019,20,5-24 yr,0,0,24,10,0,22,0,7,0
2019,21,5-24 yr,0,0,20,8,2,20,0,0,0
2019,22,5-24 yr,0,0,17,4,1,12,4,8,0
2019,23,5-24 yr,0,0,13,9,0,13,0,8,0
2019,24,5-24 yr,0,0,16,8,2,9,0,4,0
2019,25,5-24 yr,0,0,13,0,0,5,0,6,0
2019,26,5-24 yr,0,0,8,3,0,5,1,2,0
2019,27,5-24 yr,0,0,10,6,0,1,1,0,0
2019,28,5-24 yr,0,0,3,4,0,3,0,1,0
2019,29,5-24 yr,0,0,14,3,1,5,0,1,0
2019,30,5-24 yr,0,0,7,5,1,6,0,0,0
2019,31,5-24 yr,0,0,9,5,1,2,0,0,0
2019,32,5-24 yr,0,0,6,1,0,7,0,1,0
2019,33,5-24 yr,0,0,8,3,1,19,0,0,0
2019,34,5-24 yr,0,0,9,1,0,20,0,1,0
2019,35,5-24 yr,0,0,4,1,1,18,0,2,0
2019,36,5-24 yr,0,0,7,7,1,22,1,0,0
2019,37,5-24 yr,0,0,9,4,3,29,1,2,0
2019,38,5-24 yr,0,0,5,15,4,30,0,3,0
2019,39,5-24 yr,0,0,9,10,8,30,0,4,0
2018,40,25-64 yr,0,0,3,11,4,1,4,0,0
2018,41,25-64 yr,0,0,3,12,1,1,2,0,0
2018,42,25-64 yr,0,0,6,18,6,0,3,0,0
2018,43,25-64 yr,0,0,12,21,2,0,5,0,0
2018,44,25-64 yr,0,0,7,26,1,0,3,0,0
2018,45,25-64 yr,0,0,4,35,6,0,4,0,0
2018,46,25-64 yr,0,0,8,40,2,1,3,0,0
2018,47,25-64 yr,0,0,16,66,3,1,0,0,0
2018,48,25-64 yr,0,0,13,115,9,0,3,1,0
2018,49,25-64 yr,0,0,22,105,6,0,3,1,0
2018,50,25-64 yr,0,0,39,219,7,2,1,0,0
2018,51,25-64 yr,0,0,50,375,20,5,2,2,0
2018,52,25-64 yr,0,0,72,433,51,7,3,2,0
2019,1,25-64 yr,0,0,85,464,71,1,5,1,0
2019,2,25-64 yr,0,0,61,530,45,2,6,1,0
2019,3,25-64 yr,0,0,78,540,32,1,5,0,0
2019,4,25-64 yr,0,0,106,539,39,7,3,3,0
2019,5,25-64 yr,0,0,186,618,29,9,3,1,0
2019,6,25-64 yr,0,0,261,771,19,7,2,3,0
2019,7,25-64 yr,0,1,277,670,22,5,4,3,0
2019,8,25-64 yr,0,0,366,590,18,6,6,13,0
2019,9,25-64 yr,0,0,424,527,22,7,2,7,0
2019,10,25-64 yr,0,0,432,521,22,10,10,10,0
2019,11,25-64 yr,0,0,472,452,17,7,11,7,0
2019,12,25-64 yr,0,0,384,314,7,10,8,16,0
2019,13,25-64 yr,0,0,269,205,11,13,9,12,0
2019,14,25-64 yr,0,0,189,132,8,18,9,16,0
2019,15,25-64 yr,0,0,142,84,3,19,5,17,0
2019,16,25-64 yr,0,0,76,62,2,14,8,3,0
2019,17,25-64 yr,0,0,43,42,2,10,3,9,0
2019,18,25-64 yr,0,0,44,31,1,9,6,7,0
2019,19,25-64 yr,0,0,29,18,3,10,2,5,0
2019,20,25-64 yr,0,0,26,20,0,9,5,2,0
2019,21,25-64 yr,0,0,19,10,0,4,1,1,0
2019,22,25-64 yr,0,0,16,10,2,8,1,9,0
2019,23,25-64 yr,0,0,21,9,2,12,0,6,0
2019,24,25-64 yr,0,0,15,7,2,5,1,1,0
2019,25,25-64 yr,0,0,16,6,1,5,0,1,0
2019,26,25-64 yr,0,0,14,6,2,5,1,1,0
2019,27,25-64 yr,0,0,9,17,3,7,0,2,0
2019,28,25-64 yr,0,0,14,1,0,3,1,1,0
2019,29,25-64 yr,0,0,9,4,1,2,0,0,0
2019,30,25-64 yr,0,0,7,5,1,2,0,3,0
2019,31,25-64 yr,0,0,5,6,0,4,0,0,0
2019,32,25-64 yr,0,0,6,3,0,5,0,0,0
2019,33,25-64 yr,0,0,4,7,1,5,0,0,0
2019,34,25-64 yr,0,0,9,10,1,5,0,1,0
2019,35,25-64 yr,0,0,11,6,2,3,0,1,0
2019,36,25-64 yr,0,0,15,5,2,4,0,0,0
2019,37,25-64 yr,0,0,21,5,2,7,1,0,0
2019,38,25-64 yr,0,0,23,10,1,5,0,0,0
2019,39,25-64 yr,0,0,25,7,4,13,0,2,0
2018,40,65+ yr,0,0,5,3,1,0,1,0,0
2018,41,65+ yr,0,0,5,4,3,0,1,2,0
2018,42,65+ yr,0,0,6,3,2,0,1,0,0
2018,43,65+ yr,0,0,11,8,0,0,1,1,0
2018,44,65+ yr,0,0,4,3,1,0,1,0,0
2018,45,65+ yr,0,0,4,6,0,0,1,1,0
2018,46,65+ yr,0,0,8,14,2,0,0,0,0
2018,47,65+ yr,0,0,12,15,2,0,4,0,0
2018,48,65+ yr,0,0,17,34,0,0,3,0,0
2018,49,65+ yr,0,0,10,32,1,0,0,1,0
2018,50,65+ yr,0,0,18,71,6,0,2,0,0
2018,51,65+ yr,0,0,43,102,5,1,1,1,0
2018,52,65+ yr,0,0,79,171,7,1,2,1,0
2019,1,65+ yr,0,0,106,215,17,1,4,1,0
2019,2,65+ yr,0,0,61,204,13,0,3,2,0
2019,3,65+ yr,0,0,70,161,13,0,2,0,0
2019,4,65+ yr,0,0,97,216,8,1,2,2,0
2019,5,65+ yr,0,0,144,213,9,2,4,0,0
2019,6,65+ yr,0,1,268,331,7,1,3,1,0
2019,7,65+ yr,0,0,281,293,9,0,4,1,0
2019,8,65+ yr,0,0,326,268,11,3,2,0,0
2019,9,65+ yr,0,0,395,244,11,0,3,0,0
2019,10,65+ yr,0,0,406,235,13,2,7,0,0
2019,11,65+ yr,0,0,482,210,14,3,7,2,0
2019,12,65+ yr,0,0,355,168,5,5,3,4,0
2019,13,65+ yr,0,0,311,98,5,5,8,2,0
2019,14,65+ yr,0,0,269,82,4,1,6,1,0
2019,15,65+ yr,0,0,177,54,2,2,3,0,0
2019,16,65+ yr,0,0,86,30,2,1,2,1,0
2019,17,65+ yr,0,0,49,20,0,3,8,2,0
2019,18,65+ yr,0,0,36,7,4,2,3,0,0
2019,19,65+ yr,0,0,20,11,0,4,4,0,0
2019,20,65+ yr,0,0,16,3,1,4,1,0,0
2019,21,65+ yr,0,0,14,4,1,0,1,1,0
2019,22,65+ yr,0,0,11,2,1,1,5,0,0
2019,23,65+ yr,0,0,14,4,0,2,0,0,0
2019,24,65+ yr,0,0,17,2,0,0,0,0,0
2019,25,65+ yr,0,0,18,2,0,0,0,0,0
2019,26,65+ yr,0,0,19,5,0,1,1,0,0
2019,27,65+ yr,0,0,12,5,0,1,0,0,0
2019,28,65+ yr,0,0,15,2,1,1,0,0,0
2019,29,65+ yr,0,0,23,1,0,1,0,0,0
2019,30,65+ yr,0,0,9,6,0,2,0,0,0
2019,31,65+ yr,0,0,9,0,1,2,2,0,0
2019,32,65+ yr,0,0,15,0,0,1,0,0,0
2019,33,65+ yr,0,0,9,4,0,2,0,0,0
2019,34,65+ yr,0,0,12,0,0,0,0,0,0
2019,35,65+ yr,0,0,16,4,1,0,0,0,0
2019,36,65+ yr,0,0,28,1,1,0,0,0,0
2019,37,65+ yr,0,0,31,0,3,1,0,0,0
2019,38,65+ yr,0,0,24,1,1,1,0,1,0
2019,39,65+ yr,0,0,21,0,2,0,0,0,0
2017,40,0-4 yr,0,0,7,2,0,0,0,0,0
2017,41,0-4 yr,0,0,6,4,2,0,2,2,0
2017,42,0-4 yr,0,0,12,4,0,0,1,1,0
2017,43,0-4 yr,0,0,17,7,7,0,0,3,0
2017,44,0-4 yr,0,0,20,5,7,0,3,3,0
2017,45,0-4 yr,0,0,29,3,0,0,1,0,0
2017,46,0-4 yr,0,0,33,12,0,0,2,2,0
2017,47,0-4 yr,0,0,43,10,0,1,4,2,0
2017,48,0-4 yr,0,0,61,5,1,0,4,0,0
2017,49,0-4 yr,0,0,85,9,0,3,3,2,0
2017,50,0-4 yr,0,0,115,18,0,2,9,0,0
2017,51,0-4 yr,0,0,138,22,1,5,18,5,0
2017,52,0-4 yr,0,0,193,24,1,7,19,2,0
2018,1,0-4 yr,0,0,166,45,0,10,26,2,0
2018,2,0-4 yr,0,0,204,40,2,6,17,4,0
2018,3,0-4 yr,0,0,184,64,0,5,33,5,0
2018,4,0-4 yr,0,0,194,64,0,11,42,8,0
2018,5,0-4 yr,0,0,168,74,1,15,45,15,0
2018,6,0-4 yr,0,0,133,71,3,22,39,22,0
2018,7,0-4 yr,0,0,94,62,0,18,47,15,0
2018,8,0-4 yr,0,0,86,44,0,20,55,11,0
2018,9,0-4 yr,0,0,56,20,1,7,42,14,0
2018,10,0-4 yr,0,0,29,20,3,8,23,7,0
2018,11,0-4 yr,0,0,15,32,2,11,21,15,0
2018,12,0-4 yr,0,0,19,10,1,9,15,12,0
2018,13,0-4 yr,0,0,16,18,0,11,28,10,0
2018,14,0-4 yr,0,0,15,15,0,7,24,6,0
2018,15,0-4 yr,0,0,13,11,0,3,20,0,0
2018,16,0-4 yr,0,0,5,6,0,4,5,8,0
2018,17,0-4 yr,0,0,5,8,0,3,10,3,0
2018,18,0-4 yr,0,0,3,9,0,2,8,1,0
2018,19,0-4 yr,0,0,3,2,0,0,1,0,0
2018,20,0-4 yr,0,0,1,5,0,1,4,0,0
2018,21,0-4 yr,0,0,1,9,0,0,2,1,0
2018,22,0-4 yr,0,0,0,2,0,0,1,0,0
2018,23,0-4 yr,0,0,0,1,0,1,0,0,0
2018,24,0-4 yr,0,0,0,0,0,0,1,0,0
2018,25,0-4 yr,0,0,0,0,0,0,1,0,0
2018,26,0-4 yr,0,0,0,0,0,0,0,0,0
2018,27,0-4 yr,0,0,0,3,0,0,1,0,0
2018,28,0-4 yr,0,0,0,3,0,0,0,0,0
2018,29,0-4 yr,0,0,1,0,0,0,1,1,0
2018,30,0-4 yr,0,0,0,3,0,0,0,0,0
2018,31,0-4 yr,0,0,0,1,0,0,0,0,0
2018,32,0-4 yr,0,0,0,0,2,0,0,0,0
2018,33,0-4 yr,0,0,0,0,0,0,0,0,0
2018,34,0-4 yr,0,0,1,2,0,0,0,0,0
2018,35,0-4 yr,0,0,0,3,0,0,0,0,0
2018,36,0-4 yr,0,0,0,2,0,0,0,1,0
2018,37,0-4 yr,0,0,1,6,0,0,0,0,0
2018,38,0-4 yr,0,0,3,0,0,0,0,0,0
2018,39,0-4 yr,0,0,0,1,0,0,0,0,0
2017,40,5-24 yr,0,0,21,3,1,0,3,0,0
2017,41,5-24 yr,0,0,22,3,2,1,0,0,0
2017,42,5-24 yr,0,0,40,4,0,0,2,0,0
2017,43,5-24 yr,0,0,34,12,6,0,6,3,0
2017,44,5-24 yr,0,0,63,10,2,2,10,7,0
2017,45,5-24 yr,0,0,85,6,0,1,8,5,0
2017,46,5-24 yr,0,0,94,27,1,3,24,11,0
2017,47,5-24 yr,0,0,97,8,0,1,20,2,0
2017,48,5-24 yr,0,0,163,13,0,6,24,3,1
2017,49,5-24 yr,0,0,276,19,0,9,34,12,0
2017,50,5-24 yr,0,0,353,45,2,20,66,18,0
2017,51,5-24 yr,0,0,448,46,2,23,70,10,0
2017,52,5-24 yr,0,0,328,56,3,11,65,15,0
2018,1,5-24 yr,0,0,319,42,0,14,54,10,0
2018,2,5-24 yr,0,0,477,76,5,18,120,34,0
2018,3,5-24 yr,0,0,477,82,3,20,108,47,0
2018,4,5-24 yr,0,0,578,150,5,27,214,67,0
2018,5,5-24 yr,0,0,586,168,7,42,267,139,0
2018,6,5-24 yr,0,0,472,159,1,50,307,127,0
2018,7,5-24 yr,0,0,366,122,0,64,283,88,0
2018,8,5-24 yr,0,0,221,53,3,54,221,73,0
2018,9,5-24 yr,0,0,108,57,0,53,144,63,0
2018,10,5-24 yr,0,0,70,32,3,47,127,45,0
2018,11,5-24 yr,0,0,52,43,6,33,98,39,0
2018,12,5-24 yr,0,0,53,23,0,27,103,27,0
2018,13,5-24 yr,0,0,57,26,2,29,88,25,0
2018,14,5-24 yr,0,0,37,31,0,26,57,14,0
2018,15,5-24 yr,0,0,24,28,0,21,38,16,0
2018,16,5-24 yr,0,0,19,15,0,21,36,9,0
2018,17,5-24 yr,0,0,9,16,0,15,22,19,0
2018,18,5-24 yr,0,0,6,7,1,4,34,8,0
2018,19,5-24 yr,0,0,5,4,0,1,11,2,0
2018,20,5-24 yr,0,0,3,4,0,2,6,5,0
2018,21,5-24 yr,0,0,0,5,0,2,5,2,0
2018,22,5-24 yr,0,0,1,0,0,1,2,0,0
2018,23,5-24 yr,0,0,1,1,0,0,2,0,0
2018,24,5-24 yr,0,0,1,2,0,1,3,0,0
2018,25,5-24 yr,0,0,1,1,0,1,1,0,1
2018,26,5-24 yr,0,0,3,1,0,0,0,0,0
2018,27,5-24 yr,0,0,0,0,0,0,3,1,0
2018,28,5-24 yr,0,0,1,0,0,1,0,0,0
2018,29,5-24 yr,0,0,0,7,0,1,0,1,0
2018,30,5-24 yr,0,0,1,3,1,2,0,0,0
2018,31,5-24 yr,0,0,3,3,2,0,0,0,0
2018,32,5-24 yr,0,0,0,2,3,0,0,0,0
2018,33,5-24 yr,0,0,1,0,1,0,1,0,0
2018,34,5-24 yr,0,0,5,5,1,0,0,0,0
2018,35,5-24 yr,0,0,1,0,0,0,0,0,0
2018,36,5-24 yr,0,0,1,5,0,0,1,0,0
2018,37,5-24 yr,0,0,2,8,0,0,2,0,0
2018,38,5-24 yr,0,0,0,4,0,1,0,0,0
2018,39,5-24 yr,0,0,0,6,0,0,2,0,0
2017,40,25-64 yr,0,0,40,6,1,0,7,1,1
2017,41,25-64 yr,0,0,54,5,2,1,9,0,0
2017,42,25-64 yr,0,0,49,3,0,0,3,0,0
2017,43,25-64 yr,0,0,48,5,8,0,7,2,0
2017,44,25-64 yr,0,0,66,2,5,0,8,1,0
2017,45,25-64 yr,0,0,77,10,1,2,14,1,0
2017,46,25-64 yr,0,0,122,10,1,1,20,2,0
2017,47,25-64 yr,0,0,166,17,0,3,14,3,0
2017,48,25-64 yr,0,0,226,21,5,1,29,6,0
2017,49,25-64 yr,0,0,292,27,0,0,33,9,0
2017,50,25-64 yr,0,0,419,46,6,6,57,8,0
2017,51,25-64 yr,0,0,713,117,8,9,84,22,0
2017,52,25-64 yr,0,0,784,121,5,7,117,15,0
2018,1,25-64 yr,0,0,896,141,10,9,159,31,0
2018,2,25-64 yr,0,0,852,162,12,8,174,49,0
2018,3,25-64 yr,0,0,730,157,10,11,187,39,0
2018,4,25-64 yr,0,0,779,207,6,13,209,50,0
2018,5,25-64 yr,0,0,705,186,9,12,222,70,0
2018,6,25-64 yr,0,0,594,202,7,17,270,95,0
2018,7,25-64 yr,0,0,413,185,5,20,281,86,0
2018,8,25-64 yr,0,0,273,115,3,26,290,78,0
2018,9,25-64 yr,0,0,169,102,3,20,176,62,0
2018,10,25-64 yr,0,0,114,59,7,22,165,42,0
2018,11,25-64 yr,0,0,77,54,4,19,145,39,0
2018,12,25-64 yr,0,0,64,51,2,11,162,43,0
2018,13,25-64 yr,0,0,70,59,0,13,148,23,0
2018,14,25-64 yr,0,0,54,42,1,12,136,28,0
2018,15,25-64 yr,0,0,28,43,0,9,93,20,0
2018,16,25-64 yr,0,0,18,19,0,10,65,16,0
2018,17,25-64 yr,0,0,17,11,0,10,44,19,0
2018,18,25-64 yr,0,0,10,12,1,7,50,6,0
2018,19,25-64 yr,0,0,6,6,0,5,27,4,0
2018,20,25-64 yr,0,0,3,4,0,1,12,4,0
2018,21,25-64 yr,0,0,3,2,0,1,7,2,0
2018,22,25-64 yr,0,0,4,3,0,1,3,0,0
2018,23,25-64 yr,0,0,2,2,0,2,3,0,0
2018,24,25-64 yr,0,0,2,2,0,2,2,1,0
2018,25,25-64 yr,0,0,2,0,0,2,1,0,0
2018,26,25-64 yr,0,0,3,1,0,0,0,0,0
2018,27,25-64 yr,0,0,1,3,0,0,0,0,0
2018,28,25-64 yr,0,0,2,4,0,0,0,0,0
2018,29,25-64 yr,0,0,0,5,0,0,1,0,0
2018,30,25-64 yr,0,0,2,2,3,0,0,0,0
2018,31,25-64 yr,0,0,4,2,0,0,0,0,0
2018,32,25-64 yr,0,0,5,3,0,0,1,1,0
2018,33,25-64 yr,0,0,1,3,0,0,1,0,0
2018,34,25-64 yr,0,0,4,8,2,0,1,0,0
2018,35,25-64 yr,0,0,1,4,0,0,2,0,0
2018,36,25-64 yr,0,0,5,6,0,0,0,0,0
2018,37,25-64 yr,0,0,4,12,0,0,2,0,0
2018,38,25-64 yr,0,0,5,12,2,0,2,1,0
2018,39,25-64 yr,0,0,5,11,0,0,1,0,0
2017,40,65+ yr,0,0,43,2,1,0,6,0,0
2017,41,65+ yr,0,0,44,0,2,0,2,1,0
2017,42,65+ yr,0,0,51,1,0,0,4,0,0
2017,43,65+ yr,0,0,52,0,3,0,6,3,0
2017,44,65+ yr,0,0,71,2,1,0,12,1,0
2017,45,65+ yr,0,0,83,0,0,0,6,4,0
2017,46,65+ yr,0,0,123,3,0,1,12,5,0
2017,47,65+ yr,0,0,152,1,0,0,22,1,0
2017,48,65+ yr,0,0,274,20,2,0,42,9,0
2017,49,65+ yr,0,0,321,9,2,3,27,2,0
2017,50,65+ yr,0,0,448,13,2,1,30,7,0
2017,51,65+ yr,0,0,861,37,4,0,59,20,0
2017,52,65+ yr,0,0,1142,49,12,2,119,23,0
2018,1,65+ yr,0,0,1302,62,10,7,170,37,0
2018,2,65+ yr,0,0,1214,65,12,6,164,26,0
2018,3,65+ yr,0,0,1051,50,8,2,154,34,0
2018,4,65+ yr,0,0,975,74,18,2,203,33,0
2018,5,65+ yr,0,0,844,76,15,3,186,31,0
2018,6,65+ yr,0,0,683,60,12,7,214,30,0
2018,7,65+ yr,0,0,514,67,17,6,249,25,0
2018,8,65+ yr,0,0,422,48,5,9,279,40,0
2018,9,65+ yr,0,0,210,35,2,3,243,39,0
2018,10,65+ yr,0,0,130,19,2,4,204,36,0
2018,11,65+ yr,0,0,108,25,0,3,215,27,0
2018,12,65+ yr,0,0,77,17,2,4,157,24,0
2018,13,65+ yr,0,0,64,16,1,8,167,26,0
2018,14,65+ yr,0,0,48,8,3,7,149,11,0
2018,15,65+ yr,0,0,33,13,0,7,117,8,0
2018,16,65+ yr,0,0,39,3,0,5,82,9,0
2018,17,65+ yr,0,0,21,7,0,0,55,8,0
2018,18,65+ yr,0,0,8,4,0,1,43,7,0
2018,19,65+ yr,0,0,6,1,0,0,27,2,0
2018,20,65+ yr,0,0,3,3,0,2,5,1,0
2018,21,65+ yr,0,0,2,2,0,1,5,3,0
2018,22,65+ yr,0,0,0,2,0,0,5,2,0
2018,23,65+ yr,0,0,0,2,0,0,4,2,0
2018,24,65+ yr,0,0,0,1,0,0,2,0,0
2018,25,65+ yr,0,0,0,0,0,0,3,0,0
2018,26,65+ yr,0,0,0,0,0,0,1,0,0
2018,27,65+ yr,0,0,4,1,0,0,2,0,0
2018,28,65+ yr,0,0,6,0,0,1,3,1,0
2018,29,65+ yr,0,0,3,1,0,1,2,0,0
2018,30,65+ yr,0,0,0,1,0,0,0,0,0
2018,31,65+ yr,0,0,3,1,1,0,1,0,0
2018,32,65+ yr,0,0,3,1,0,0,1,0,0
2018,33,65+ yr,0,0,7,1,0,0,0,0,0
2018,34,65+ yr,0,0,10,2,3,0,0,1,0
2018,35,65+ yr,0,0,3,3,0,0,0,0,0
2018,36,65+ yr,0,0,9,3,0,0,0,0,0
2018,37,65+ yr,0,0,6,3,0,1,1,0,0
2018,38,65+ yr,0,0,7,5,0,0,0,0,0
2018,39,65+ yr,0,0,7,2,0,0,0,0,0
2016,40,0-4 yr,0,0,6,0,0,0,0,0,0
2016,41,0-4 yr,0,0,3,2,0,1,0,1,0
2016,42,0-4 yr,0,0,5,3,0,4,1,0,0
2016,43,0-4 yr,0,0,7,2,0,0,0,1,0
2016,44,0-4 yr,0,0,6,3,0,2,1,0,0
2016,45,0-4 yr,0,0,8,1,0,0,0,0,0
2016,46,0-4 yr,0,0,12,5,1,0,0,1,0
2016,47,0-4 yr,0,0,15,1,1,0,0,4,0
2016,48,0-4 yr,0,0,14,2,1,3,0,2,0
2016,49,0-4 yr,0,0,30,2,0,1,0,0,0
2016,50,0-4 yr,0,0,40,1,2,2,1,3,0
2016,51,0-4 yr,0,0,69,3,1,7,1,1,0
2016,52,0-4 yr,0,0,93,9,1,10,4,0,0
2017,1,0-4 yr,0,0,105,4,0,10,6,4,0
2017,2,0-4 yr,0,0,133,5,0,7,3,4,0
2017,3,0-4 yr,0,0,151,3,1,7,9,3,0
2017,4,0-4 yr,0,0,148,9,1,9,12,2,0
2017,5,0-4 yr,0,0,163,5,2,15,15,4,0
2017,6,0-4 yr,0,0,186,11,0,24,13,2,0
2017,7,0-4 yr,0,0,177,5,0,18,28,13,0
2017,8,0-4 yr,0,0,149,11,0,29,20,9,0
2017,9,0-4 yr,0,0,118,8,1,30,23,13,0
2017,10,0-4 yr,0,0,97,5,2,14,30,5,0
2017,11,0-4 yr,0,0,72,3,2,24,30,11,0
2017,12,0-4 yr,0,0,63,9,0,27,22,8,0
2017,13,0-4 yr,0,0,60,2,0,14,27,13,0
2017,14,0-4 yr,0,0,40,2,0,21,20,9,0
2017,15,0-4 yr,0,0,13,0,0,8,23,5,0
2017,16,0-4 yr,0,0,16,1,0,10,4,6,0
2017,17,0-4 yr,0,0,16,1,0,1,10,3,0
2017,18,0-4 yr,0,0,6,1,0,7,6,2,0
2017,19,0-4 yr,0,0,6,0,0,4,7,2,0
2017,20,0-4 yr,0,0,5,0,0,8,5,3,0
2017,21,0-4 yr,0,0,0,0,0,3,5,0,0
2017,22,0-4 yr,0,0,1,0,0,7,4,0,0
2017,23,0-4 yr,0,0,2,0,0,6,3,2,0
2017,24,0-4 yr,0,0,3,0,0,1,2,1,0
2017,25,0-4 yr,0,0,0,1,0,1,3,1,0
2017,26,0-4 yr,0,0,2,1,0,0,2,1,0
2017,27,0-4 yr,0,0,5,1,0,1,2,1,0
2017,28,0-4 yr,0,0,4,1,0,0,1,2,1
2017,29,0-4 yr,0,0,2,1,0,0,0,0,3
2017,30,0-4 yr,0,0,2,2,0,0,3,0,0
2017,31,0-4 yr,0,0,2,0,0,0,0,0,2
2017,32,0-4 yr,0,0,4,1,1,0,0,0,0
2017,33,0-4 yr,0,0,4,0,0,0,0,0,0
2017,34,0-4 yr,0,0,4,0,0,0,0,0,0
2017,35,0-4 yr,0,0,2,6,0,0,0,0,0
2017,36,0-4 yr,0,0,8,0,0,0,0,0,0
2017,37,0-4 yr,0,0,9,3,0,0,0,0,0
2017,38,0-4 yr,0,0,5,0,0,0,1,0,9
2017,39,0-4 yr,0,0,9,4,0,0,0,1,14
2016,40,5-24 yr,0,0,25,2,0,2,0,1,0
2016,41,5-24 yr,0,0,22,4,0,4,2,1,0
2016,42,5-24 yr,0,0,28,2,0,3,6,0,0
2016,43,5-24 yr,0,0,29,3,0,3,1,2,0
2016,44,5-24 yr,0,0,39,2,1,4,1,3,0
2016,45,5-24 yr,0,0,41,2,0,4,0,5,0
2016,46,5-24 yr,0,0,49,2,0,2,0,8,0
2016,47,5-24 yr,0,0,28,0,1,4,0,6,0
2016,48,5-24 yr,0,0,71,4,2,9,0,10,0
2016,49,5-24 yr,0,0,130,3,0,16,3,2,0
2016,50,5-24 yr,0,0,229,3,1,21,5,8,0
2016,51,5-24 yr,0,0,254,6,5,20,7,6,0
2016,52,5-24 yr,0,0,196,1,3,29,6,7,0
2017,1,5-24 yr,0,0,258,5,2,22,13,3,0
2017,2,5-24 yr,0,0,458,9,2,22,24,6,0
2017,3,5-24 yr,0,0,585,10,2,37,35,7,0
2017,4,5-24 yr,0,0,739,4,10,37,43,13,0
2017,5,5-24 yr,0,0,916,11,5,56,73,26,0
2017,6,5-24 yr,0,0,893,21,2,67,104,20,0
2017,7,5-24 yr,0,0,715,16,6,89,92,38,0
2017,8,5-24 yr,0,0,542,16,3,89,115,38,0
2017,9,5-24 yr,0,0,344,14,2,61,95,38,0
2017,10,5-24 yr,0,0,306,9,2,82,112,55,0
2017,11,5-24 yr,0,0,202,7,2,67,109,43,0
2017,12,5-24 yr,0,0,232,7,0,91,115,47,0
2017,13,5-24 yr,0,0,150,4,1,70,120,74,0
2017,14,5-24 yr,0,0,87,1,0,56,87,52,0
2017,15,5-24 yr,0,0,52,2,0,34,78,33,0
2017,16,5-24 yr,0,0,39,1,0,28,50,20,0
2017,17,5-24 yr,0,0,46,0,1,32,50,9,0
2017,18,5-24 yr,0,0,23,2,0,18,44,10,0
2017,19,5-24 yr,0,0,16,1,0,17,32,10,0
2017,20,5-24 yr,0,0,11,0,0,13,34,10,0
2017,21,5-24 yr,0,0,10,2,0,9,23,5,0
2017,22,5-24 yr,0,0,4,0,0,22,14,4,0
2017,23,5-24 yr,0,0,5,0,0,8,10,3,0
2017,24,5-24 yr,0,0,5,0,0,4,13,2,0
2017,25,5-24 yr,0,0,4,0,0,4,4,2,0
2017,26,5-24 yr,0,0,9,1,0,3,5,1,0
2017,27,5-24 yr,0,0,5,2,0,3,2,0,0
2017,28,5-24 yr,0,0,7,2,0,3,2,4,1
2017,29,5-24 yr,0,0,7,1,0,0,2,3,5
2017,30,5-24 yr,0,0,3,1,1,1,3,1,0
2017,31,5-24 yr,0,0,10,2,0,0,0,2,3
2017,32,5-24 yr,0,0,7,1,0,0,0,1,0
2017,33,5-24 yr,0,0,10,0,2,0,0,1,0
2017,34,5-24 yr,0,0,14,1,1,1,2,9,0
2017,35,5-24 yr,0,0,9,4,0,0,0,7,0
2017,36,5-24 yr,0,0,15,2,0,0,4,0,0
2017,37,5-24 yr,0,0,16,0,0,1,3,5,0
2017,38,5-24 yr,0,0,15,0,0,1,0,1,6
2017,39,5-24 yr,0,0,9,3,0,0,3,1,9
2016,40,25-64 yr,0,0,23,6,0,3,2,0,0
2016,41,25-64 yr,0,0,22,3,0,1,3,1,0
2016,42,25-64 yr,0,0,38,5,1,1,2,1,0
2016,43,25-64 yr,0,0,44,6,0,0,2,1,0
2016,44,25-64 yr,0,0,35,6,2,3,4,0,0
2016,45,25-64 yr,0,0,42,1,0,1,1,0,0
2016,46,25-64 yr,0,0,50,2,1,3,1,4,0
2016,47,25-64 yr,0,0,59,3,1,0,1,0,0
2016,48,25-64 yr,0,0,92,2,2,4,3,2,0
2016,49,25-64 yr,0,0,136,4,1,2,2,1,0
2016,50,25-64 yr,0,0,193,7,0,2,6,4,0
2016,51,25-64 yr,0,0,276,9,2,8,11,6,0
2016,52,25-64 yr,0,0,434,9,11,17,13,4,0
2017,1,25-64 yr,0,0,493,22,2,14,22,10,0
2017,2,25-64 yr,0,0,478,13,7,14,26,6,0
2017,3,25-64 yr,0,0,518,24,5,20,36,9,0
2017,4,25-64 yr,0,0,554,17,1,22,37,8,0
2017,5,25-64 yr,0,0,634,11,7,19,48,9,0
2017,6,25-64 yr,0,0,689,20,5,26,62,12,0
2017,7,25-64 yr,0,0,680,25,2,31,96,31,0
2017,8,25-64 yr,0,0,631,26,3,22,117,26,0
2017,9,25-64 yr,0,0,350,22,2,36,107,27,0
2017,10,25-64 yr,0,0,337,22,3,26,128,28,0
2017,11,25-64 yr,0,0,258,11,1,34,141,39,0
2017,12,25-64 yr,0,0,216,10,2,49,199,43,0
2017,13,25-64 yr,0,0,197,14,0,40,187,69,0
2017,14,25-64 yr,0,0,111,7,4,22,153,49,0
2017,15,25-64 yr,0,0,69,2,0,20,113,35,0
2017,16,25-64 yr,0,0,37,5,1,14,88,32,0
2017,17,25-64 yr,0,0,32,4,1,11,57,25,0
2017,18,25-64 yr,0,0,26,2,1,6,42,13,0
2017,19,25-64 yr,0,0,30,1,1,12,38,12,0
2017,20,25-64 yr,0,0,14,2,1,12,37,10,0
2017,21,25-64 yr,0,0,13,3,0,11,27,2,0
2017,22,25-64 yr,0,0,22,1,0,17,33,7,0
2017,23,25-64 yr,0,0,13,3,0,5,27,4,0
2017,24,25-64 yr,0,0,9,6,0,5,13,2,0
2017,25,25-64 yr,0,0,13,4,0,3,13,1,0
2017,26,25-64 yr,0,0,15,3,0,1,5,4,0
2017,27,25-64 yr,0,0,7,5,0,3,2,2,0
2017,28,25-64 yr,0,0,6,0,0,1,5,3,0
2017,29,25-64 yr,0,0,8,5,0,0,0,1,0
2017,30,25-64 yr,0,0,15,1,2,0,13,1,0
2017,31,25-64 yr,0,0,14,3,0,0,2,1,0
2017,32,25-64 yr,0,0,14,3,0,0,3,0,0
2017,33,25-64 yr,0,0,8,1,0,0,5,0,0
2017,34,25-64 yr,0,0,12,1,1,0,3,1,0
2017,35,25-64 yr,0,0,24,4,1,0,0,0,0
2017,36,25-64 yr,0,0,29,7,1,0,4,1,0
2017,37,25-64 yr,0,0,31,2,0,1,5,3,0
2017,38,25-64 yr,0,0,40,2,0,0,8,2,1
2017,39,25-64 yr,0,0,39,1,0,0,5,0,1
2016,40,65+ yr,0,0,28,1,0,0,1,0,0
2016,41,65+ yr,0,0,27,2,0,1,1,0,0
2016,42,65+ yr,0,0,35,2,1,0,0,0,0
2016,43,65+ yr,0,0,43,2,0,0,0,1,0
2016,44,65+ yr,0,0,29,0,0,1,0,0,0
2016,45,65+ yr,0,0,40,1,1,0,0,0,0
2016,46,65+ yr,0,0,52,0,0,2,0,0,0
2016,47,65+ yr,0,0,46,1,5,0,1,0,0
2016,48,65+ yr,0,0,80,3,3,1,2,2,0
2016,49,65+ yr,0,0,109,3,0,0,1,0,0
2016,50,65+ yr,0,0,179,4,0,2,6,0,0
2016,51,65+ yr,0,0,268,6,1,2,6,2,0
2016,52,65+ yr,0,0,587,2,8,2,13,2,0
2017,1,65+ yr,0,0,621,5,2,1,17,1,0
2017,2,65+ yr,0,0,612,8,5,6,20,3,0
2017,3,65+ yr,0,0,593,9,1,4,20,4,0
2017,4,65+ yr,0,0,602,4,5,2,24,3,0
2017,5,65+ yr,0,0,607,8,3,5,43,6,0
2017,6,65+ yr,0,0,847,10,11,8,50,7,0
2017,7,65+ yr,0,0,841,7,5,11,76,14,0
2017,8,65+ yr,0,0,874,26,3,14,93,8,0
2017,9,65+ yr,0,0,547,5,8,13,121,13,0
2017,10,65+ yr,0,0,429,8,6,14,109,12,0
2017,11,65+ yr,0,0,304,3,3,15,137,20,0
2017,12,65+ yr,0,0,298,5,1,23,174,18,0
2017,13,65+ yr,0,0,234,5,2,19,225,59,0
2017,14,65+ yr,0,0,128,5,0,18,179,19,0
2017,15,65+ yr,0,0,83,1,1,4,157,5,0
2017,16,65+ yr,0,0,46,1,1,2,97,16,0
2017,17,65+ yr,0,0,36,0,0,6,57,2,0
2017,18,65+ yr,0,0,25,0,1,0,34,12,0
2017,19,65+ yr,0,0,43,0,0,4,36,8,0
2017,20,65+ yr,0,0,32,2,0,0,31,4,0
2017,21,65+ yr,0,0,15,0,0,2,20,5,0
2017,22,65+ yr,0,0,11,0,0,3,7,2,0
2017,23,65+ yr,0,0,13,1,0,2,21,3,0
2017,24,65+ yr,0,0,26,2,1,1,16,3,0
2017,25,65+ yr,0,0,16,0,0,2,9,1,0
2017,26,65+ yr,0,0,11,0,0,0,9,0,0
2017,27,65+ yr,0,0,10,1,0,0,0,1,0
2017,28,65+ yr,0,0,9,0,0,1,1,1,0
2017,29,65+ yr,0,0,8,0,0,0,4,4,1
2017,30,65+ yr,0,0,9,2,1,0,0,1,0
2017,31,65+ yr,0,0,14,2,0,0,6,0,0
2017,32,65+ yr,0,0,15,1,0,0,17,5,1
2017,33,65+ yr,0,0,7,2,0,0,4,0,0
2017,34,65+ yr,0,0,22,2,0,0,2,0,0
2017,35,65+ yr,0,0,26,2,0,0,0,0,0
2017,36,65+ yr,0,0,47,3,1,0,5,2,0
2017,37,65+ yr,0,0,48,2,0,0,9,6,0
2017,38,65+ yr,0,0,39,0,3,0,9,5,1
2017,39,65+ yr,0,0,57,1,0,0,2,1,0
2015,40,0-4 yr,0,0,7,2,0,0,0,1,0
2015,41,0-4 yr,0,0,2,1,1,1,0,1,0
2015,42,0-4 yr,0,0,1,1,0,1,1,1,0
2015,43,0-4 yr,0,0,4,1,1,0,0,0,0
2015,44,0-4 yr,0,0,1,1,3,0,0,2,0
2015,45,0-4 yr,0,0,2,1,0,0,0,3,0
2015,46,0-4 yr,0,0,1,8,0,0,0,1,0
2015,47,0-4 yr,0,0,2,5,0,1,0,0,0
2015,48,0-4 yr,0,0,1,2,0,0,0,4,0
2015,49,0-4 yr,0,0,6,5,0,0,2,3,0
2015,50,0-4 yr,0,0,4,10,0,0,1,1,0
2015,51,0-4 yr,0,0,4,7,0,0,2,2,0
2015,52,0-4 yr,0,0,4,23,0,1,0,0,0
2016,1,0-4 yr,0,0,4,30,0,0,1,0,0
2016,2,0-4 yr,0,0,6,28,2,2,3,3,0
2016,3,0-4 yr,0,0,8,51,2,4,2,6,0
2016,4,0-4 yr,0,0,14,75,2,2,11,2,0
2016,5,0-4 yr,0,0,15,84,3,12,12,6,0
2016,6,0-4 yr,0,0,20,96,2,7,10,4,0
2016,7,0-4 yr,0,0,25,177,2,15,13,5,0
2016,8,0-4 yr,0,0,14,177,3,17,17,11,0
2016,9,0-4 yr,0,0,16,246,3,16,15,12,0
2016,10,0-4 yr,0,0,23,275,3,9,23,13,0
2016,11,0-4 yr,0,0,17,183,0,21,16,9,0
2016,12,0-4 yr,0,0,13,103,0,18,12,11,0
2016,13,0-4 yr,0,0,11,102,2,17,21,18,0
2016,14,0-4 yr,0,0,5,66,0,12,9,18,0
2016,15,0-4 yr,0,0,4,43,1,7,7,20,0
2016,16,0-4 yr,0,0,11,31,1,6,5,13,0
2016,17,0-4 yr,0,0,2,16,0,7,4,4,0
2016,18,0-4 yr,0,0,1,8,0,7,6,3,0
2016,19,0-4 yr,0,0,2,5,0,4,2,4,0
2016,20,0-4 yr,0,0,5,3,0,2,3,4,0
2016,21,0-4 yr,0,0,2,2,1,1,2,4,0
2016,22,0-4 yr,0,0,2,0,0,4,2,3,0
2016,23,0-4 yr,0,0,2,0,0,2,0,1,0
2016,24,0-4 yr,0,0,1,0,0,2,1,2,0
2016,25,0-4 yr,0,0,4,1,0,0,3,1,0
2016,26,0-4 yr,0,0,2,1,1,3,1,0,0
2016,27,0-4 yr,0,0,1,1,0,0,1,3,0
2016,28,0-4 yr,0,0,0,0,0,0,1,0,0
2016,29,0-4 yr,0,0,2,0,0,0,1,1,0
2016,30,0-4 yr,0,0,1,0,0,0,2,0,0
2016,31,0-4 yr,0,0,3,0,0,0,0,0,1
2016,32,0-4 yr,0,0,5,3,0,0,0,0,4
2016,33,0-4 yr,0,0,3,0,0,0,0,1,1
2016,34,0-4 yr,0,0,3,0,0,2,0,1,0
2016,35,0-4 yr,0,0,5,1,0,0,0,1,0
2016,36,0-4 yr,0,0,1,0,0,1,1,0,0
2016,37,0-4 yr,0,0,5,0,1,1,1,1,0
2016,38,0-4 yr,0,0,4,0,0,1,0,1,0
2016,39,0-4 yr,0,0,8,1,0,1,0,0,0
2015,40,5-24 yr,0,0,5,0,0,0,0,2,0
2015,41,5-24 yr,0,0,11,0,0,1,0,4,0
2015,42,5-24 yr,0,0,7,2,0,1,1,3,0
2015,43,5-24 yr,0,0,6,2,2,1,1,4,0
2015,44,5-24 yr,0,0,8,0,0,1,1,4,0
2015,45,5-24 yr,0,0,14,4,0,3,2,4,0
2015,46,5-24 yr,0,0,15,3,0,0,0,3,0
2015,47,5-24 yr,0,0,7,1,0,2,3,1,0
2015,48,5-24 yr,0,0,11,9,0,2,5,2,0
2015,49,5-24 yr,0,0,12,9,1,1,3,7,0
2015,50,5-24 yr,0,0,13,17,0,2,6,3,0
2015,51,5-24 yr,0,0,9,16,0,2,4,2,0
2015,52,5-24 yr,0,0,16,17,0,4,5,1,0
2016,1,5-24 yr,0,0,19,41,1,2,6,5,0
2016,2,5-24 yr,0,0,30,50,0,11,9,13,0
2016,3,5-24 yr,0,0,44,80,3,10,35,11,0
2016,4,5-24 yr,0,0,80,121,4,17,25,34,0
2016,5,5-24 yr,0,0,74,172,2,27,42,34,0
2016,6,5-24 yr,0,0,82,212,1,28,63,53,0
2016,7,5-24 yr,0,0,88,318,6,33,64,50,0
2016,8,5-24 yr,0,0,77,400,8,66,117,64,0
2016,9,5-24 yr,0,0,94,447,5,52,85,70,0
2016,10,5-24 yr,0,0,105,498,15,85,85,76,0
2016,11,5-24 yr,0,0,72,322,3,64,67,54,0
2016,12,5-24 yr,0,0,66,221,3,52,52,55,0
2016,13,5-24 yr,0,0,54,132,6,48,38,58,0
2016,14,5-24 yr,0,0,33,111,4,39,31,50,0
2016,15,5-24 yr,0,0,42,80,1,44,26,43,0
2016,16,5-24 yr,0,0,45,61,3,41,31,68,0
2016,17,5-24 yr,0,0,44,33,0,37,27,37,0
2016,18,5-24 yr,0,0,32,5,0,23,17,29,0
2016,19,5-24 yr,0,0,30,8,0,19,16,24,0
2016,20,5-24 yr,0,0,29,7,0,6,15,18,0
2016,21,5-24 yr,0,0,17,3,0,8,8,12,0
2016,22,5-24 yr,0,0,3,1,0,6,9,9,0
2016,23,5-24 yr,0,0,4,0,0,2,7,7,0
2016,24,5-24 yr,0,0,5,1,0,3,3,1,0
2016,25,5-24 yr,0,0,7,1,0,3,3,3,0
2016,26,5-24 yr,0,0,4,0,1,1,3,3,0
2016,27,5-24 yr,0,0,2,0,0,2,5,0,0
2016,28,5-24 yr,0,0,9,0,1,1,1,1,0
2016,29,5-24 yr,0,0,7,1,0,0,5,1,0
2016,30,5-24 yr,0,0,22,0,0,2,1,0,1
2016,31,5-24 yr,0,0,33,0,2,0,2,0,2
2016,32,5-24 yr,0,0,7,0,0,0,5,0,5
2016,33,5-24 yr,0,0,9,1,0,1,2,1,3
2016,34,5-24 yr,0,0,7,2,0,0,2,1,0
2016,35,5-24 yr,0,0,5,3,0,4,1,3,0
2016,36,5-24 yr,0,0,16,2,0,0,0,6,0
2016,37,5-24 yr,0,0,20,3,0,1,2,6,0
2016,38,5-24 yr,0,0,31,1,0,2,2,4,0
2016,39,5-24 yr,0,0,31,1,0,5,0,4,0
2015,40,25-64 yr,0,0,23,2,1,0,1,4,0
2015,41,25-64 yr,0,0,9,3,0,0,0,1,0
2015,42,25-64 yr,0,0,18,5,0,0,0,3,0
2015,43,25-64 yr,0,0,4,5,1,0,0,3,0
2015,44,25-64 yr,0,0,8,3,0,0,3,2,0
2015,45,25-64 yr,0,0,7,4,1,1,0,2,0
2015,46,25-64 yr,0,0,16,4,0,0,4,0,0
2015,47,25-64 yr,0,0,3,9,0,0,3,1,0
2015,48,25-64 yr,0,0,14,13,2,1,3,1,0
2015,49,25-64 yr,0,0,9,16,1,1,4,1,0
2015,50,25-64 yr,0,0,5,34,0,2,4,4,0
2015,51,25-64 yr,0,0,10,44,1,0,15,6,0
2015,52,25-64 yr,0,0,9,77,0,3,15,2,0
2016,1,25-64 yr,0,0,16,95,1,3,18,2,0
2016,2,25-64 yr,0,0,17,127,2,6,23,12,0
2016,3,25-64 yr,0,0,20,159,6,4,21,8,0
2016,4,25-64 yr,0,0,31,225,7,2,39,21,0
2016,5,25-64 yr,0,0,37,297,4,7,48,11,0
2016,6,25-64 yr,0,0,56,392,7,9,52,25,0
2016,7,25-64 yr,0,0,60,556,8,16,88,31,0
2016,8,25-64 yr,0,0,62,774,11,28,100,37,0
2016,9,25-64 yr,0,0,83,827,19,30,96,51,0
2016,10,25-64 yr,0,0,80,1007,19,31,123,77,0
2016,11,25-64 yr,0,0,41,701,16,34,96,59,0
2016,12,25-64 yr,0,0,49,489,10,25,81,58,0
2016,13,25-64 yr,0,0,51,371,14,36,84,70,0
2016,14,25-64 yr,0,0,43,215,17,29,62,44,0
2016,15,25-64 yr,0,0,38,170,7,26,77,43,0
2016,16,25-64 yr,0,0,33,116,8,24,72,39,0
2016,17,25-64 yr,0,0,24,73,4,23,50,30,0
2016,18,25-64 yr,0,0,14,45,2,15,29,26,0
2016,19,25-64 yr,0,0,16,17,1,11,35,8,0
2016,20,25-64 yr,0,0,20,13,4,4,16,8,0
2016,21,25-64 yr,0,0,14,7,0,7,12,9,0
2016,22,25-64 yr,0,0,2,2,1,3,17,7,0
2016,23,25-64 yr,0,0,4,1,0,2,7,2,0
2016,24,25-64 yr,0,0,9,2,0,1,4,3,0
2016,25,25-64 yr,0,0,6,1,0,5,3,5,0
2016,26,25-64 yr,0,0,2,1,1,2,4,1,0
2016,27,25-64 yr,0,0,10,1,0,1,3,2,0
2016,28,25-64 yr,0,0,5,1,0,1,4,1,0
2016,29,25-64 yr,0,0,6,1,0,0,3,2,0
2016,30,25-64 yr,0,0,8,2,0,0,5,1,0
2016,31,25-64 yr,0,0,5,0,0,1,2,0,0
2016,32,25-64 yr,0,0,6,1,0,0,5,1,0
2016,33,25-64 yr,0,0,7,0,0,0,4,0,0
2016,34,25-64 yr,0,0,7,2,0,0,1,0,0
2016,35,25-64 yr,0,0,7,2,0,0,0,0,0
2016,36,25-64 yr,0,0,7,1,0,0,2,0,0
2016,37,25-64 yr,0,0,14,2,0,0,1,2,0
2016,38,25-64 yr,0,0,20,1,0,0,2,2,0
2016,39,25-64 yr,0,0,15,2,0,4,0,0,0
2015,40,65+ yr,0,0,29,0,1,0,0,1,0
2015,41,65+ yr,0,0,19,1,1,1,0,1,0
2015,42,65+ yr,0,0,17,2,1,0,0,1,0
2015,43,65+ yr,0,0,16,1,0,0,3,1,0
2015,44,65+ yr,0,0,6,0,1,0,0,0,0
2015,45,65+ yr,0,0,3,0,0,0,0,0,0
2015,46,65+ yr,0,0,6,2,1,0,0,0,0
2015,47,65+ yr,0,0,8,0,0,0,3,1,0
2015,48,65+ yr,0,0,7,2,0,0,1,0,0
2015,49,65+ yr,0,0,8,5,1,0,1,0,0
2015,50,65+ yr,0,0,14,3,0,0,6,0,0
2015,51,65+ yr,0,0,6,13,0,0,4,0,0
2015,52,65+ yr,0,0,8,14,1,0,9,0,0
2016,1,65+ yr,0,0,8,22,0,2,9,1,0
2016,2,65+ yr,0,0,14,18,0,2,12,6,0
2016,3,65+ yr,0,0,9,30,2,0,10,5,0
2016,4,65+ yr,0,0,14,37,1,0,13,4,0
2016,5,65+ yr,0,0,21,61,1,4,15,8,0
2016,6,65+ yr,0,0,25,73,6,2,25,10,0
2016,7,65+ yr,0,0,35,129,1,4,50,14,0
2016,8,65+ yr,0,0,29,177,5,8,50,12,0
2016,9,65+ yr,0,0,62,220,5,14,76,10,0
2016,10,65+ yr,0,0,69,286,9,15,67,26,0
2016,11,65+ yr,0,0,56,213,4,13,71,21,0
2016,12,65+ yr,0,0,46,177,4,10,39,26,0
2016,13,65+ yr,0,0,39,158,11,15,54,35,0
2016,14,65+ yr,0,0,40,92,11,17,53,29,0
2016,15,65+ yr,0,0,19,54,5,7,46,14,0
2016,16,65+ yr,0,0,29,47,3,11,48,15,0
2016,17,65+ yr,0,0,18,30,1,9,34,12,0
2016,18,65+ yr,0,0,9,10,0,6,30,11,0
2016,19,65+ yr,0,0,11,11,1,2,14,5,0
2016,20,65+ yr,0,0,17,7,0,0,16,4,0
2016,21,65+ yr,0,0,5,2,1,5,9,2,0
2016,22,65+ yr,0,0,2,1,0,0,7,5,0
2016,23,65+ yr,0,0,3,1,1,0,2,1,0
2016,24,65+ yr,0,0,2,0,0,0,2,0,0
2016,25,65+ yr,0,0,3,1,0,1,2,0,0
2016,26,65+ yr,0,0,6,0,0,0,0,0,0
2016,27,65+ yr,0,0,4,0,0,2,0,0,0
2016,28,65+ yr,0,0,2,0,0,0,5,0,0
2016,29,65+ yr,0,0,2,0,0,0,1,0,0
2016,30,65+ yr,0,0,2,0,0,0,2,1,0
2016,31,65+ yr,0,0,1,0,0,0,0,0,0
2016,32,65+ yr,0,0,2,0,0,0,1,0,1
2016,33,65+ yr,0,0,9,0,0,0,1,0,0
2016,34,65+ yr,0,0,7,1,0,0,3,0,0
2016,35,65+ yr,0,0,15,1,0,0,1,1,0
2016,36,65+ yr,0,0,19,0,0,0,0,0,0
2016,37,65+ yr,0,0,15,2,0,2,2,0,0
2016,38,65+ yr,0,0,19,1,0,0,0,1,0
2016,39,65+ yr,0,0,17,1,1,1,0,1,0
2014,40,0-4 yr,0,0,12,0,0,0,0,4,0
2014,41,0-4 yr,0,0,15,1,0,0,0,4,0
2014,42,0-4 yr,0,0,37,1,0,0,0,5,0
2014,43,0-4 yr,0,0,25,0,0,0,0,4,0
2014,44,0-4 yr,0,0,46,1,0,0,0,4,0
2014,45,0-4 yr,0,0,54,0,0,0,0,4,0
2014,46,0-4 yr,0,0,78,2,3,0,0,0,0
2014,47,0-4 yr,0,0,90,2,2,0,0,2,0
2014,48,0-4 yr,0,0,178,1,3,0,0,1,0
2014,49,0-4 yr,0,0,267,2,2,0,0,5,0
2014,50,0-4 yr,0,0,268,0,1,0,0,10,0
2014,51,0-4 yr,0,0,295,0,4,0,0,9,0
2014,52,0-4 yr,0,0,258,1,1,0,0,14,0
2014,53,0-4 yr,0,0,246,0,1,0,0,12,0
2015,1,0-4 yr,0,0,196,2,1,0,0,10,0
2015,2,0-4 yr,0,0,218,1,2,0,0,13,0
2015,3,0-4 yr,0,0,190,0,2,0,0,19,0
2015,4,0-4 yr,0,0,187,2,2,0,0,20,0
2015,5,0-4 yr,0,0,146,0,1,0,0,21,0
2015,6,0-4 yr,0,0,87,0,2,0,0,11,0
2015,7,0-4 yr,0,0,60,0,1,0,0,22,0
2015,8,0-4 yr,0,0,36,2,0,0,0,36,0
2015,9,0-4 yr,0,0,32,0,0,0,0,30,0
2015,10,0-4 yr,0,0,17,2,1,0,0,24,0
2015,11,0-4 yr,0,0,20,0,0,0,0,41,0
2015,12,0-4 yr,0,0,14,0,0,0,0,17,0
2015,13,0-4 yr,0,0,6,0,0,0,0,25,0
2015,14,0-4 yr,0,0,4,0,0,0,0,22,0
2015,15,0-4 yr,0,0,1,0,0,0,0,26,0
2015,16,0-4 yr,0,0,0,1,0,0,0,18,0
2015,17,0-4 yr,0,0,2,1,0,0,0,14,0
2015,18,0-4 yr,0,0,0,0,0,0,0,6,0
2015,19,0-4 yr,0,0,1,1,0,0,0,13,0
2015,20,0-4 yr,0,0,1,0,0,0,0,9,0
2015,21,0-4 yr,0,0,1,0,0,0,0,8,0
2015,22,0-4 yr,0,0,0,0,0,0,0,7,0
2015,23,0-4 yr,0,0,0,0,1,0,0,9,0
2015,24,0-4 yr,0,0,0,0,0,0,0,1,0
2015,25,0-4 yr,0,0,0,0,0,0,0,4,0
2015,26,0-4 yr,0,0,0,0,0,0,0,2,0
2015,27,0-4 yr,0,0,1,0,0,0,0,4,0
2015,28,0-4 yr,0,0,0,0,0,0,0,4,0
2015,29,0-4 yr,0,0,1,0,0,0,0,4,0
2015,30,0-4 yr,0,0,0,0,0,0,0,0,0
2015,31,0-4 yr,0,0,0,0,0,0,0,2,0
2015,32,0-4 yr,0,0,2,1,2,0,0,1,0
2015,33,0-4 yr,0,0,0,0,0,0,0,0,0
2015,34,0-4 yr,0,0,1,0,1,0,0,2,0
2015,35,0-4 yr,0,0,3,0,0,0,0,0,0
2015,36,0-4 yr,0,0,4,0,0,0,0,4,0
2015,37,0-4 yr,0,0,9,0,0,0,0,2,0
2015,38,0-4 yr,0,0,2,1,0,0,0,2,0
2015,39,0-4 yr,0,0,2,0,0,0,0,5,0
2014,40,5-24 yr,0,0,27,1,0,0,0,9,0
2014,41,5-24 yr,0,0,48,1,0,0,0,14,0
2014,42,5-24 yr,0,0,83,1,0,0,0,11,1
2014,43,5-24 yr,0,0,97,2,0,0,0,10,0
2014,44,5-24 yr,0,0,117,0,1,0,0,9,0
2014,45,5-24 yr,0,0,222,1,3,0,0,12,0
2014,46,5-24 yr,0,0,228,4,4,0,0,9,0
2014,47,5-24 yr,0,0,380,2,9,0,0,22,0
2014,48,5-24 yr,0,0,403,0,4,0,0,19,0
2014,49,5-24 yr,0,0,593,2,1,0,0,19,0
2014,50,5-24 yr,0,0,1010,0,10,0,0,47,0
2014,51,5-24 yr,0,0,994,0,4,0,0,36,0
2014,52,5-24 yr,0,0,676,0,5,0,0,30,0
2014,53,5-24 yr,0,0,347,0,6,0,0,21,0
2015,1,5-24 yr,0,0,456,2,3,0,0,28,0
2015,2,5-24 yr,0,0,680,0,3,0,0,34,0
2015,3,5-24 yr,0,0,707,1,5,0,0,56,0
2015,4,5-24 yr,0,0,643,1,2,0,0,56,0
2015,5,5-24 yr,0,0,469,1,4,0,0,79,0
2015,6,5-24 yr,0,0,264,0,3,0,0,81,0
2015,7,5-24 yr,0,0,149,1,1,0,0,81,0
2015,8,5-24 yr,0,0,134,1,3,0,0,104,0
2015,9,5-24 yr,0,0,95,0,2,0,0,115,0
2015,10,5-24 yr,0,0,50,1,2,0,0,123,0
2015,11,5-24 yr,0,0,42,0,1,0,0,101,0
2015,12,5-24 yr,0,0,26,0,0,0,0,123,0
2015,13,5-24 yr,0,0,21,1,1,0,0,95,0
2015,14,5-24 yr,0,0,6,1,0,0,0,79,0
2015,15,5-24 yr,0,0,15,2,0,0,0,68,0
2015,16,5-24 yr,0,0,4,1,0,0,0,56,0
2015,17,5-24 yr,0,0,5,0,0,0,0,45,0
2015,18,5-24 yr,0,0,0,0,0,0,0,53,0
2015,19,5-24 yr,0,0,3,0,0,0,0,35,0
2015,20,5-24 yr,0,0,2,1,0,0,0,35,0
2015,21,5-24 yr,0,0,2,0,0,0,0,15,0
2015,22,5-24 yr,0,0,1,0,0,0,0,22,0
2015,23,5-24 yr,0,0,2,0,0,0,0,18,0
2015,24,5-24 yr,0,0,1,0,0,0,0,14,0
2015,25,5-24 yr,0,0,7,0,0,0,0,9,0
2015,26,5-24 yr,0,0,4,0,1,0,0,2,0
2015,27,5-24 yr,0,0,6,0,0,0,0,3,1
2015,28,5-24 yr,0,0,3,0,1,0,0,4,0
2015,29,5-24 yr,0,0,3,1,0,0,0,2,0
2015,30,5-24 yr,0,0,6,0,0,0,0,1,0
2015,31,5-24 yr,0,0,6,1,1,0,0,2,0
2015,32,5-24 yr,0,0,2,0,0,0,0,3,0
2015,33,5-24 yr,0,0,5,1,1,0,0,2,0
2015,34,5-24 yr,0,0,9,0,0,0,0,4,0
2015,35,5-24 yr,0,0,16,3,0,0,0,6,0
2015,36,5-24 yr,0,0,4,0,0,0,0,8,0
2015,37,5-24 yr,0,0,8,3,0,0,0,4,0
2015,38,5-24 yr,0,0,7,0,0,0,0,7,0
2015,39,5-24 yr,0,0,20,0,0,0,0,5,0
2014,40,25-64 yr,0,0,23,1,0,0,0,7,0
2014,41,25-64 yr,0,0,27,3,0,0,0,11,0
2014,42,25-64 yr,0,0,33,2,2,0,0,10,0
2014,43,25-64 yr,0,0,45,3,0,0,0,13,0
2014,44,25-64 yr,0,0,46,1,1,0,0,7,0
2014,45,25-64 yr,0,0,97,4,1,0,0,7,0
2014,46,25-64 yr,0,0,122,2,2,0,0,7,0
2014,47,25-64 yr,0,0,185,1,0,0,0,9,0
2014,48,25-64 yr,0,0,289,3,2,0,0,11,0
2014,49,25-64 yr,0,0,584,3,2,0,0,24,0
2014,50,25-64 yr,0,0,718,3,5,0,0,31,0
2014,51,25-64 yr,0,0,941,2,11,0,0,33,0
2014,52,25-64 yr,0,0,954,2,8,0,0,25,0
2014,53,25-64 yr,0,0,847,0,4,0,0,37,0
2015,1,25-64 yr,0,0,799,2,10,0,0,29,0
2015,2,25-64 yr,0,0,682,3,7,0,0,39,0
2015,3,25-64 yr,0,0,582,0,12,0,0,61,0
2015,4,25-64 yr,0,0,503,2,2,0,0,66,0
2015,5,25-64 yr,0,0,431,4,2,0,0,68,0
2015,6,25-64 yr,0,0,256,2,5,0,0,93,0
2015,7,25-64 yr,0,0,184,2,2,0,0,80,0
2015,8,25-64 yr,0,0,148,7,4,0,0,99,0
2015,9,25-64 yr,0,0,128,1,3,0,0,134,0
2015,10,25-64 yr,0,0,78,3,2,0,0,126,0
2015,11,25-64 yr,0,0,58,0,2,0,0,142,0
2015,12,25-64 yr,0,0,32,2,0,0,0,121,0
2015,13,25-64 yr,0,0,26,2,1,0,0,125,0
2015,14,25-64 yr,0,0,18,4,0,0,0,125,0
2015,15,25-64 yr,0,0,17,5,1,0,0,88,0
2015,16,25-64 yr,0,0,11,0,1,0,0,64,0
2015,17,25-64 yr,0,0,3,0,2,0,0,58,0
2015,18,25-64 yr,0,0,1,1,0,0,0,54,0
2015,19,25-64 yr,0,0,2,1,1,0,0,43,0
2015,20,25-64 yr,0,0,8,0,0,0,0,32,0
2015,21,25-64 yr,0,0,7,0,1,0,0,24,0
2015,22,25-64 yr,0,0,8,0,0,0,0,12,0
2015,23,25-64 yr,0,0,6,1,0,0,0,17,0
2015,24,25-64 yr,0,0,14,0,0,0,0,18,0
2015,25,25-64 yr,0,0,16,0,1,0,0,4,0
2015,26,25-64 yr,0,0,21,2,4,0,0,2,0
2015,27,25-64 yr,0,0,13,4,0,0,0,3,0
2015,28,25-64 yr,0,0,15,0,1,0,0,2,0
2015,29,25-64 yr,0,0,8,1,0,0,0,0,0
2015,30,25-64 yr,0,0,6,0,0,0,0,0,0
2015,31,25-64 yr,0,0,18,3,0,0,0,4,0
2015,32,25-64 yr,0,0,11,0,0,0,0,2,0
2015,33,25-64 yr,0,0,18,0,0,0,0,0,0
2015,34,25-64 yr,0,0,12,3,0,0,0,2,0
2015,35,25-64 yr,0,0,10,0,0,0,0,4,0
2015,36,25-64 yr,0,0,25,1,2,0,0,3,0
2015,37,25-64 yr,0,0,27,1,1,0,0,14,0
2015,38,25-64 yr,0,0,20,0,2,0,0,3,0
2015,39,25-64 yr,0,0,21,2,1,0,0,11,0
2014,40,65+ yr,0,0,22,0,1,0,0,5,0
2014,41,65+ yr,0,0,17,0,0,0,0,4,0
2014,42,65+ yr,0,0,36,1,0,0,0,0,0
2014,43,65+ yr,0,0,19,0,0,0,0,1,0
2014,44,65+ yr,0,0,41,1,1,0,0,5,0
2014,45,65+ yr,0,0,47,1,1,0,0,3,0
2014,46,65+ yr,0,0,70,0,0,0,0,2,0
2014,47,65+ yr,0,0,126,0,1,0,0,4,0
2014,48,65+ yr,0,0,232,0,1,0,0,3,0
2014,49,65+ yr,0,0,490,0,1,0,0,7,0
2014,50,65+ yr,0,0,844,1,6,0,0,10,0
2014,51,65+ yr,0,0,1117,0,17,0,0,17,0
2014,52,65+ yr,0,0,1749,0,11,0,0,13,0
2014,53,65+ yr,0,0,1842,0,23,0,0,23,0
2015,1,65+ yr,0,0,1501,1,8,0,0,22,0
2015,2,65+ yr,0,0,986,0,8,0,0,21,0
2015,3,65+ yr,0,0,761,0,12,0,0,26,0
2015,4,65+ yr,0,0,680,0,4,0,0,45,0
2015,5,65+ yr,0,0,550,0,2,0,0,43,0
2015,6,65+ yr,0,0,335,0,2,0,0,42,0
2015,7,65+ yr,0,0,269,0,1,0,0,49,0
2015,8,65+ yr,0,0,223,0,0,0,0,62,0
2015,9,65+ yr,0,0,154,0,0,0,0,65,0
2015,10,65+ yr,0,0,115,0,0,0,0,95,0
2015,11,65+ yr,0,0,108,1,5,0,0,88,0
2015,12,65+ yr,0,0,70,1,0,0,0,85,0
2015,13,65+ yr,0,0,46,0,2,0,0,82,0
2015,14,65+ yr,0,0,25,1,0,0,0,107,0
2015,15,65+ yr,0,0,11,1,1,0,0,75,0
2015,16,65+ yr,0,0,14,0,0,0,0,40,0
2015,17,65+ yr,0,0,3,0,0,0,0,31,0
2015,18,65+ yr,0,0,5,0,0,0,0,32,0
2015,19,65+ yr,0,0,3,0,0,0,0,18,0
2015,20,65+ yr,0,0,3,0,0,0,0,12,0
2015,21,65+ yr,0,0,5,0,0,0,0,12,0
2015,22,65+ yr,0,0,8,0,0,0,0,15,0
2015,23,65+ yr,0,0,6,0,0,0,0,6,0
2015,24,65+ yr,0,0,29,0,1,0,0,8,0
2015,25,65+ yr,0,0,18,0,1,0,0,4,0
2015,26,65+ yr,0,0,22,0,1,0,0,1,0
2015,27,65+ yr,0,0,13,0,2,0,0,1,0
2015,28,65+ yr,0,0,9,2,0,0,0,1,0
2015,29,65+ yr,0,0,12,0,2,0,0,0,0
2015,30,65+ yr,0,0,28,0,0,0,0,0,0
2015,31,65+ yr,0,0,20,0,0,0,0,3,0
2015,32,65+ yr,0,0,9,0,1,0,0,1,0
2015,33,65+ yr,0,0,24,0,1,0,0,1,0
2015,34,65+ yr,0,0,13,0,0,0,0,0,0
2015,35,65+ yr,0,0,26,0,1,0,0,0,0
2015,36,65+ yr,0,0,27,0,0,0,0,1,0
2015,37,65+ yr,0,0,30,0,0,0,0,2,0
2015,38,65+ yr,0,0,19,0,1,0,0,2,0
2015,39,65+ yr,0,0,20,1,0,0,0,4,0
